time,a160,type,if,LA_mV,LB_mV,LC_mV,LT_mV,T,LA_base_mV,LB_base_mV,LC_base_mV,LT_base_mV,LA_mV_clean,BTC_baseline_estimated,BTC_background_corrected,LA_baseline_manual,LA_mV_background_corrected,LA_mV_clean_manual
2026-05-25 11:52:00,12.42,fluorometer,8,4.82,0,0,110.0,10.23,13.58,13.06,12.99,13.06,0.0,5.17,0.0,5.0,0.0,0.0
2026-05-25 11:54:00,12.48,fluorometer,8,4.79,0,0,111.99,10.24,13.61,13.02,13.06,13.02,0.0,5.17,0.0,5.0,0.0,0.0
2026-05-25 11:56:00,12.44,fluorometer,8,4.83,0,0,111.18,10.25,13.61,13.0,13.1,13.0,0.0,5.17,0.0,5.0,0.0,0.0
2026-05-25 11:58:00,12.44,fluorometer,8,4.97,0,0,111.98,10.26,13.46,13.02,13.04,13.02,0.0,5.17,0.0,5.0,0.0,0.0
2026-05-25 12:00:00,12.44,fluorometer,8,5.0,0,0,111.24,10.27,13.42,13.02,13.07,13.02,0.0,5.17,0.0,5.0,0.0,0.0
2026-05-25 12:02:00,12.44,fluorometer,8,4.72,0,0,111.43,10.28,13.51,12.96,13.06,12.96,0.0,5.17,0.0,5.0,0.0,0.0
2026-05-25 12:04:00,12.43,fluorometer,8,4.78,0,0,112.65,10.29,13.62,13.0,13.05,13.0,0.0,5.17,0.0,5.0,0.0,0.0
2026-05-25 12:06:00,12.42,fluorometer,8,4.74,0,0,112.51,10.29,13.53,13.05,13.01,13.05,0.0,5.17,0.0,5.0,0.0,0.0
2026-05-25 12:08:00,12.45,fluorometer,8,4.81,0,0,112.62,10.3,13.56,12.98,13.0,12.98,0.0,5.17,0.0,5.0,0.0,0.0
2026-05-25 12:10:00,12.47,fluorometer,8,4.72,0,0,112.92,10.3,13.5,13.0,13.04,13.0,0.0,5.17,0.0,5.0,0.0,0.0
2026-05-25 12:12:00,12.46,fluorometer,8,4.65,0,0,113.48,10.3,13.6,13.05,13.01,13.05,0.0,5.17,0.0,5.0,0.0,0.0
2026-05-25 12:14:00,12.46,fluorometer,8,4.61,0,0,112.63,10.3,13.63,13.0,13.01,13.0,0.0,5.17,0.0,5.0,0.0,0.0
2026-05-25 12:16:00,12.46,fluorometer,8,5.06,0,0,114.91,10.3,13.57,13.01,13.04,13.01,0.0,5.17,0.0,5.0,0.0,0.0
2026-05-25 12:18:00,12.47,fluorometer,8,5.13,0,0,128.65,10.31,13.58,12.91,13.0,12.91,0.0,5.17,0.0,5.0,0.0,0.0
2026-05-25 12:20:00,12.46,fluorometer,8,5.22,0,0,130.13,10.31,13.53,13.04,12.99,13.04,0.0,5.17,0.0,5.0,0.0,0.0
2026-05-25 12:22:00,12.48,fluorometer,8,5.24,0,0,129.63,10.32,13.48,12.99,13.04,12.99,0.0,5.17,0.0,5.0,0.0,0.0
2026-05-25 12:24:00,12.45,fluorometer,8,5.16,0,0,133.02,10.33,13.62,13.03,13.05,13.03,0.0,5.17,0.0,5.0,0.0,0.0
2026-05-25 12:26:00,12.46,fluorometer,8,5.07,0,0,132.92,10.33,13.52,12.99,12.99,12.99,0.0,5.17,0.0,5.0,0.0,0.0
2026-05-25 12:28:00,12.45,fluorometer,8,4.96,0,0,132.74,10.34,13.63,13.01,13.04,13.01,0.0,5.17,0.0,5.0,0.0,0.0
2026-05-25 12:30:00,12.47,fluorometer,8,5.25,0,0,132.44,10.34,13.51,13.0,12.95,13.0,0.0,5.17,0.0,5.0,0.0,0.0
2026-05-25 12:32:00,12.44,fluorometer,8,4.96,0,0,143.42,10.35,13.51,13.04,13.04,13.04,0.0,5.17,0.0,5.0,0.0,0.0
2026-05-25 12:34:00,12.44,fluorometer,8,5.24,0,0,157.16,10.37,13.55,12.99,13.06,12.99,0.0,5.17,0.0,5.0,0.0,0.0
2026-05-25 12:36:00,12.47,fluorometer,8,5.16,0,0,146.77,10.39,13.62,13.04,12.98,13.04,0.0,5.17,0.0,5.0,0.0,0.0
2026-05-25 12:38:00,12.46,fluorometer,8,4.75,0,0,160.14,10.41,13.69,13.09,13.03,13.09,0.0,5.17,0.0,5.0,0.0,0.0
2026-05-25 12:40:00,12.43,fluorometer,8,4.57,0,0,159.97,10.43,13.53,13.03,13.05,13.03,0.0,5.17,0.0,5.0,0.0,0.0
2026-05-25 12:42:00,12.48,fluorometer,8,5.2,0,0,153.67,10.44,13.64,13.01,13.01,13.01,0.0,5.17,0.0,5.0,0.0,0.0
2026-05-25 12:44:00,12.47,fluorometer,8,5.33,0,0,163.71,10.46,13.52,12.96,13.03,12.96,0.0,5.17,0.0,5.0,0.0,0.0
2026-05-25 12:46:00,12.47,fluorometer,8,5.31,0,0,170.43,10.47,13.56,13.03,13.06,13.03,0.0,5.17,0.0,5.0,0.0,0.0
2026-05-25 12:48:00,12.43,fluorometer,8,5.18,0,0,176.07,10.48,13.58,13.01,13.1,13.01,0.0,5.17,0.0,5.0,0.0,0.0
2026-05-25 12:50:00,12.43,fluorometer,8,5.23,0,0,175.41,10.48,13.54,13.0,13.03,13.0,0.0,5.17,0.0,5.0,0.0,0.0
2026-05-25 12:52:00,12.44,fluorometer,8,5.17,0,0,178.19,10.49,13.63,13.03,12.97,13.03,0.0,5.17,0.0,5.0,0.0,0.0
2026-05-25 12:54:00,12.46,fluorometer,8,5.19,0,0,180.72,10.49,13.54,13.0,13.02,13.0,0.0,5.17,0.0,5.0,0.0,0.0
2026-05-25 12:56:00,12.42,fluorometer,8,5.31,0,0,182.97,10.5,13.47,12.97,13.02,12.97,0.0,5.17,0.0,5.0,0.0,0.0
2026-05-25 12:58:00,12.43,fluorometer,8,5.11,0,0,183.55,10.5,13.54,13.07,13.02,13.07,0.0,5.17,0.0,5.0,0.0,0.0
2026-05-25 13:00:00,12.44,fluorometer,8,5.02,0,0,187.68,10.5,13.63,12.96,13.01,12.96,0.0,5.17,0.0,5.0,0.0,0.0
2026-05-25 13:02:00,12.43,fluorometer,8,5.23,0,0,190.84,10.5,13.48,12.99,13.02,12.99,0.0,5.17,0.0,5.0,0.0,0.0
2026-05-25 13:04:00,12.48,fluorometer,8,4.1,0,0,199.32,10.51,13.49,13.0,13.0,13.0,0.0,5.17,0.0,5.0,0.0,0.0
2026-05-25 13:06:00,12.46,fluorometer,8,5.15,0,0,197.76,10.5,13.64,13.0,13.0,13.0,0.0,5.17,0.0,5.0,0.0,0.0
2026-05-25 13:08:00,12.44,fluorometer,8,4.68,0,0,217.88,10.49,13.53,13.01,13.06,13.01,0.0,5.17,0.0,5.0,0.0,0.0
2026-05-25 13:10:00,12.44,fluorometer,8,5.17,0,0,217.75,10.49,13.5,13.04,13.05,13.04,0.0,5.17,0.0,5.0,0.0,0.0
2026-05-25 13:12:00,12.47,fluorometer,8,4.97,0,0,227.22,10.49,13.62,13.02,13.05,13.02,0.0,5.17,0.0,5.0,0.0,0.0
2026-05-25 13:14:00,12.44,fluorometer,8,5.36,0,0,228.69,10.49,13.6,13.0,13.01,13.0,0.0,5.17,0.0,5.0,0.0,0.0
2026-05-25 13:16:00,12.47,fluorometer,8,4.99,0,0,230.12,10.49,13.64,12.96,12.97,12.96,0.0,5.17,0.0,5.0,0.0,0.0
2026-05-25 13:18:00,12.47,fluorometer,8,4.78,0,0,221.17,10.49,13.6,13.0,13.08,13.0,0.0,5.17,0.0,5.0,0.0,0.0
2026-05-25 13:20:00,12.44,fluorometer,8,4.94,0,0,228.57,10.49,13.48,13.03,13.12,13.03,0.0,5.17,0.0,5.0,0.0,0.0
2026-05-25 13:22:00,12.47,fluorometer,8,4.82,0,0,223.22,10.49,13.52,12.92,12.98,12.92,0.0,5.169114583,0.0,5.0,0.0,0.0
2026-05-25 13:24:00,12.44,fluorometer,8,4.89,0,0,226.23,10.48,13.5,13.01,13.05,13.01,0.0,5.168229167,0.0,5.0,0.0,0.0
2026-05-25 13:26:00,12.48,fluorometer,8,5.13,0,0,227.33,10.49,13.54,12.94,13.09,12.94,0.0,5.16734375,0.5,5.0,0.0,0.0
2026-05-25 13:28:00,12.44,fluorometer,8,6.18,0,0,233.02,10.49,13.56,13.01,13.02,13.01,1.013541667,5.166458333,1.013541667,5.0,1.1799999999999997,1.1799999999999997
2026-05-25 13:30:00,12.47,fluorometer,8,8.63,0,0,232.3,10.49,13.69,12.92,13.05,12.92,3.464427083,5.165572917,3.464427083,4.996967213114754,3.633032786885247,3.633032786885247
2026-05-25 13:32:00,12.46,fluorometer,8,11.27,0,0,231.16,10.49,13.52,13.04,13.04,13.04,6.1053125,5.1646875,6.1053125,4.993934426229508,6.276065573770492,6.276065573770492
2026-05-25 13:34:00,12.47,fluorometer,8,12.78,0,0,232.0,10.48,13.49,13.08,13.03,13.08,7.616197917,5.163802083,7.616197917,4.990901639344262,7.789098360655737,7.789098360655737
2026-05-25 13:36:00,12.46,fluorometer,8,13.42,0,0,232.25,10.48,13.66,13.0,13.02,13.0,8.257083333,5.162916667,8.257083333,4.987868852459016,8.432131147540984,8.432131147540984
2026-05-25 13:38:00,12.47,fluorometer,8,12.73,0,0,231.42,10.48,13.49,13.01,12.96,13.01,7.56796875,5.16203125,7.56796875,4.984836065573771,7.7451639344262295,7.7451639344262295
2026-05-25 13:40:00,12.46,fluorometer,8,11.29,0,0,230.86,10.48,13.67,12.98,12.93,12.98,5.231304254,5.161145833,6.128854167,4.981803278688525,6.308196721311474,6.308196721311474
2026-05-25 13:42:00,12.47,fluorometer,8,9.67,0,0,230.02,10.48,13.47,12.98,13.01,12.98,2.254869792,5.160260417,4.509739583,4.978770491803279,4.691229508196721,4.691229508196721
2026-05-25 13:44:00,12.45,fluorometer,8,8.12,0,0,236.51,10.49,13.6,13.05,13.02,13.05,0.433573493,5.159375,2.960625,4.975737704918033,3.1442622950819663,3.1442622950819663
2026-05-25 13:46:00,12.46,fluorometer,8,7.21,0,0,233.16,10.49,13.67,13.08,12.99,13.08,0.0,5.158489583,2.051510417,4.972704918032787,2.237295081967213,2.237295081967213
2026-05-25 13:48:00,12.44,fluorometer,8,6.62,0,0,239.49,10.49,13.53,12.94,13.03,12.94,0.0,5.157604167,1.462395833,4.969672131147541,1.6503278688524592,1.6503278688524592
2026-05-25 13:50:00,12.46,fluorometer,8,5.99,0,0,240.08,10.49,13.69,12.96,13.1,12.96,0.0,5.15671875,0.83328125,4.966639344262295,1.0233606557377053,1.0233606557377053
2026-05-25 13:52:00,12.43,fluorometer,8,5.59,0,0,241.89,10.49,13.58,13.02,13.06,13.02,0.0,5.155833333,0.434166667,4.963606557377049,0.6263934426229509,0.6263934426229509
2026-05-25 13:54:00,12.47,fluorometer,8,5.27,0,0,245.14,10.48,13.62,13.01,13.02,13.01,0.0,5.154947917,0.115052083,4.960573770491803,0.30942622950819665,0.30942622950819665
2026-05-25 13:56:00,12.46,fluorometer,8,5.13,0,0,249.58,10.47,13.55,13.02,13.05,13.02,0.0,5.1540625,0.0,4.957540983606557,0.17245901639344297,0.17245901639344297
2026-05-25 13:58:00,12.41,fluorometer,8,4.73,0,0,252.09,10.47,13.59,12.98,13.01,12.98,0.0,5.153177083,0.0,4.954508196721312,0.0,0.0
2026-05-25 14:00:00,12.45,fluorometer,8,4.78,0,0,255.22,10.47,13.44,13.05,13.02,13.05,0.0,5.152291667,0.0,4.951475409836066,0.0,0.0
2026-05-25 14:02:00,12.48,fluorometer,8,4.68,0,0,257.43,10.46,13.45,12.98,12.99,12.98,0.0,5.15140625,0.0,4.94844262295082,0.0,0.0
2026-05-25 14:04:00,12.46,fluorometer,8,4.38,0,0,255.25,10.46,13.6,13.0,12.98,13.0,0.0,5.150520833,0.0,4.945409836065574,0.0,0.0
2026-05-25 14:06:00,12.47,fluorometer,8,4.51,0,0,256.62,10.45,13.65,12.93,13.13,12.93,0.0,5.149635417,0.0,4.942377049180328,0.0,0.0
2026-05-25 14:08:00,12.45,fluorometer,8,4.4,0,0,253.91,10.44,13.59,13.05,13.05,13.05,0.0,5.14875,0.0,4.939344262295082,0.0,0.0
2026-05-25 14:10:00,12.47,fluorometer,8,4.46,0,0,253.85,10.43,13.51,13.01,12.99,13.01,0.0,5.147864583,0.0,4.936311475409836,0.0,0.0
2026-05-25 14:12:00,12.42,fluorometer,8,4.45,0,0,266.84,10.42,13.52,12.92,13.05,12.92,0.0,5.146979167,0.0,4.93327868852459,0.0,0.0
2026-05-25 14:14:00,12.48,fluorometer,8,4.25,0,0,265.0,10.42,13.6,13.12,13.07,13.12,0.0,5.14609375,0.0,4.930245901639344,0.0,0.0
2026-05-25 14:16:00,12.45,fluorometer,8,4.35,0,0,265.88,10.4,13.62,12.98,13.08,12.98,0.0,5.145208333,0.0,4.927213114754099,0.0,0.0
2026-05-25 14:18:00,12.45,fluorometer,8,4.47,0,0,255.94,10.39,13.53,12.97,13.05,12.97,0.0,5.144322917,0.0,4.924180327868853,0.0,0.0
2026-05-25 14:20:00,12.47,fluorometer,8,4.45,0,0,250.75,10.38,13.49,12.93,13.01,12.93,0.0,5.1434375,0.0,4.921147540983607,0.0,0.0
2026-05-25 14:22:00,12.47,fluorometer,8,4.33,0,0,196.59,10.37,13.51,12.91,13.07,12.91,0.0,5.142552083,0.0,4.918114754098361,0.0,0.0
2026-05-25 14:24:00,12.47,fluorometer,8,4.36,0,0,166.6,10.35,13.56,13.01,13.05,13.01,0.0,5.141666667,0.0,4.915081967213115,0.0,0.0
2026-05-25 14:26:00,12.47,fluorometer,8,3.9,0,0,142.36,10.33,13.59,13.05,13.04,13.05,0.0,5.14078125,0.0,4.912049180327869,0.0,0.0
2026-05-25 14:28:00,12.47,fluorometer,8,3.92,0,0,145.67,10.32,13.54,12.96,12.99,12.96,0.0,5.139895833,0.0,4.909016393442623,0.0,0.0
2026-05-25 14:30:00,12.44,fluorometer,8,4.86,0,0,154.94,10.3,13.56,12.99,13.09,12.99,0.0,5.139010417,0.0,4.905983606557377,0.0,0.0
2026-05-25 14:32:00,12.47,fluorometer,8,5.07,0,0,124.1,10.28,13.49,13.06,13.05,13.06,0.0,5.138125,0.0,4.902950819672131,0.16704918032786953,0.0
2026-05-25 14:34:00,12.47,fluorometer,8,4.36,0,0,123.41,10.26,13.64,13.0,13.04,13.0,0.0,5.137239583,0.0,4.899918032786886,0.0,0.0
2026-05-25 14:36:00,12.47,fluorometer,8,4.54,0,0,115.5,10.25,13.54,12.98,13.08,12.98,0.0,5.136354167,0.0,4.89688524590164,0.0,0.0
2026-05-25 14:38:00,12.47,fluorometer,8,4.36,0,0,116.73,10.23,13.52,12.98,12.98,12.98,0.0,5.13546875,0.0,4.893852459016394,0.0,0.0
2026-05-25 14:40:00,12.46,fluorometer,8,4.16,0,0,128.96,10.22,13.53,12.93,13.03,12.93,0.0,5.134583333,0.0,4.890819672131148,0.0,0.0
2026-05-25 14:42:00,12.43,fluorometer,8,4.59,0,0,140.42,10.2,13.5,13.06,13.01,13.06,0.0,5.133697917,0.0,4.887786885245902,0.0,0.0
2026-05-25 14:44:00,12.44,fluorometer,8,4.58,0,0,138.48,10.19,13.51,12.97,13.11,12.97,0.0,5.1328125,0.0,4.884754098360656,0.0,0.0
2026-05-25 14:46:00,12.45,fluorometer,8,4.91,0,0,135.14,10.17,13.57,13.03,13.09,13.03,0.0,5.131927083,0.0,4.88172131147541,0.02827868852459048,0.0
2026-05-25 14:48:00,12.46,fluorometer,8,4.56,0,0,145.59,10.16,13.61,12.99,13.11,12.99,0.0,5.131041667,0.0,4.878688524590164,0.0,0.0
2026-05-25 14:50:00,12.42,fluorometer,8,4.61,0,0,147.79,10.15,13.65,13.0,13.02,13.0,0.0,5.13015625,0.0,4.875655737704918,0.0,0.0
2026-05-25 14:52:00,12.46,fluorometer,8,4.57,0,0,148.62,10.14,13.6,12.88,13.01,12.88,0.0,5.129270833,0.0,4.872622950819672,0.0,0.0
2026-05-25 14:54:00,12.44,fluorometer,8,4.55,0,0,154.77,10.13,13.5,13.02,13.06,13.02,0.0,5.128385417,0.0,4.869590163934427,0.0,0.0
2026-05-25 14:56:00,12.44,fluorometer,8,4.55,0,0,131.85,10.11,13.52,12.98,13.04,12.98,0.0,5.1275,0.0,4.866557377049181,0.0,0.0
2026-05-25 14:58:00,12.46,fluorometer,8,4.64,0,0,136.45,10.1,13.48,13.07,13.08,13.07,0.0,5.126614583,0.0,4.863524590163935,0.0,0.0
2026-05-25 15:00:00,12.44,fluorometer,8,4.51,0,0,147.15,10.09,13.58,12.95,13.04,12.95,0.0,5.125729167,0.0,4.860491803278689,0.0,0.0
2026-05-25 15:02:00,12.45,fluorometer,8,4.72,0,0,142.69,10.08,13.51,12.98,13.03,12.98,0.0,5.12484375,0.0,4.857459016393443,0.0,0.0
2026-05-25 15:04:00,12.48,fluorometer,8,4.92,0,0,142.47,10.06,13.61,12.97,13.0,12.97,0.0,5.123958333,0.0,4.854426229508197,0.06557377049180335,0.0
2026-05-25 15:06:00,12.44,fluorometer,8,5.1,0,0,138.34,10.05,13.6,12.98,13.01,12.98,0.0,5.123072917,0.0,4.851393442622951,0.24860655737704906,0.0
2026-05-25 15:08:00,12.44,fluorometer,8,5.06,0,0,133.93,10.03,13.54,13.02,13.07,13.02,0.0,5.1221875,0.0,4.848360655737705,0.21163934426229503,0.0
2026-05-25 15:10:00,12.47,fluorometer,8,5.07,0,0,147.07,10.01,13.68,12.99,13.04,12.99,0.0,5.121302083,0.0,4.845327868852459,0.2246721311475417,0.0
2026-05-25 15:12:00,12.45,fluorometer,8,5.02,0,0,135.31,9.99,13.56,12.93,12.97,12.93,0.0,5.120416667,0.0,4.8422950819672135,0.1777049180327861,0.0
2026-05-25 15:14:00,12.46,fluorometer,8,5.22,0,0,143.03,9.97,13.67,12.98,13.03,12.98,0.0,5.11953125,0.0,4.8392622950819675,0.38073770491803227,0.0
2026-05-25 15:16:00,12.46,fluorometer,8,5.16,0,0,144.34,9.96,13.57,12.96,13.02,12.96,0.0,5.118645833,0.0,4.8362295081967215,0.32377049180327866,0.0
2026-05-25 15:18:00,12.43,fluorometer,8,4.84,0,0,156.25,9.94,13.49,13.02,12.99,13.02,0.0,5.117760417,0.0,4.8331967213114755,0.006803278688524372,0.0
2026-05-25 15:20:00,12.43,fluorometer,8,4.48,0,0,139.44,9.93,13.48,12.99,13.05,12.99,0.0,5.116875,0.0,4.8301639344262295,0.0,0.0
2026-05-25 15:22:00,12.43,fluorometer,8,4.5,0,0,156.06,9.92,13.67,12.97,13.05,12.97,0.0,5.115989583,0.0,4.8271311475409835,0.0,0.0
2026-05-25 15:24:00,12.47,fluorometer,8,4.52,0,0,99.52,9.91,13.58,12.98,13.01,12.98,0.0,5.115104167,0.0,4.8240983606557375,0.0,0.0
2026-05-25 15:26:00,12.45,fluorometer,8,4.16,0,0,141.15,9.9,13.58,13.05,13.05,13.05,0.0,5.11421875,0.0,4.8210655737704915,0.0,0.0
2026-05-25 15:28:00,12.46,fluorometer,8,5.24,0,0,149.15,9.89,13.47,12.98,13.07,12.98,0.0,5.113333333,0.0,4.8180327868852455,0.4219672131147547,0.0
2026-05-25 15:30:00,12.44,fluorometer,8,4.34,0,0,155.35,9.88,13.59,12.94,13.08,12.94,0.0,5.112447917,0.0,4.8149999999999995,0.0,0.0
2026-05-25 15:32:00,12.47,fluorometer,8,4.77,0,0,147.51,9.87,13.6,12.99,13.01,12.99,0.0,5.1115625,0.0,4.811967213114754,0.0,0.0
2026-05-25 15:34:00,12.43,fluorometer,8,4.22,0,0,145.51,9.87,13.52,12.99,13.03,12.99,0.0,5.110677083,0.0,4.808934426229508,0.0,0.0
2026-05-25 15:36:00,12.45,fluorometer,8,4.45,0,0,153.9,9.86,13.62,12.99,13.04,12.99,0.0,5.109791667,0.0,4.805901639344262,0.0,0.0
2026-05-25 15:38:00,12.47,fluorometer,8,3.99,0,0,138.38,9.86,13.55,12.99,13.05,12.99,0.0,5.10890625,0.0,4.802868852459016,0.0,0.0
2026-05-25 15:40:00,12.47,fluorometer,8,3.92,0,0,142.19,9.85,13.54,13.01,13.05,13.01,0.0,5.108020833,0.0,4.79983606557377,0.0,0.0
2026-05-25 15:42:00,12.43,fluorometer,8,3.69,0,0,137.59,9.83,13.65,12.97,13.03,12.97,0.0,5.107135417,0.0,4.796803278688524,0.0,0.0
2026-05-25 15:44:00,12.47,fluorometer,8,4.0,0,0,131.4,9.82,13.49,12.98,13.12,12.98,0.0,5.10625,0.0,4.793770491803278,0.0,0.0
2026-05-25 15:46:00,12.44,fluorometer,8,4.16,0,0,126.43,9.8,13.75,12.91,13.01,12.91,0.0,5.105364583,0.0,4.790737704918032,0.0,0.0
2026-05-25 15:48:00,12.45,fluorometer,8,5.06,0,0,134.14,9.79,13.51,12.97,13.03,12.97,0.0,5.104479167,0.0,4.787704918032786,0.2722950819672132,0.0
2026-05-25 15:50:00,12.43,fluorometer,8,3.62,0,0,190.15,9.78,13.72,13.04,13.06,13.04,0.0,5.10359375,0.0,4.784672131147541,0.0,0.0
2026-05-25 15:52:00,12.5,fluorometer,8,3.97,0,0,187.15,9.77,13.5,12.95,13.06,12.95,0.0,5.102708333,0.0,4.781639344262295,0.0,0.0
2026-05-25 15:54:00,12.44,fluorometer,8,3.81,0,0,137.65,9.75,13.56,12.99,12.97,12.99,0.0,5.101822917,0.0,4.778606557377049,0.0,0.0
2026-05-25 15:56:00,12.47,fluorometer,8,5.0,0,0,100.75,9.74,13.5,12.92,13.1,12.92,0.0,5.1009375,0.0,4.775573770491803,0.22442622950819668,0.0
2026-05-25 15:58:00,12.44,fluorometer,8,4.28,0,0,107.52,9.72,13.61,12.93,13.04,12.93,0.0,5.100052083,0.0,4.772540983606557,0.0,0.0
2026-05-25 16:00:00,12.46,fluorometer,8,3.88,0,0,175.19,9.7,13.5,12.98,12.99,12.98,0.0,5.099166667,0.0,4.769508196721311,0.0,0.0
2026-05-25 16:02:00,12.42,fluorometer,8,5.17,0,0,93.92,9.68,13.49,12.94,13.01,12.94,0.0,5.09828125,0.0,4.766475409836065,0.4035245901639346,0.0
2026-05-25 16:04:00,12.45,fluorometer,8,3.73,0,0,82.28,9.68,13.65,12.92,13.04,12.92,0.0,5.097395833,0.0,4.763442622950819,0.0,0.0
2026-05-25 16:06:00,12.43,fluorometer,8,4.64,0,0,100.85,9.67,13.52,12.92,13.06,12.92,0.0,5.096510417,0.0,4.760409836065573,0.0,0.0
2026-05-25 16:08:00,12.47,fluorometer,8,3.87,0,0,98.24,9.66,13.61,13.02,13.02,13.02,0.0,5.095625,0.0,4.757377049180327,0.0,0.0
2026-05-25 16:10:00,12.45,fluorometer,8,3.68,0,0,100.42,9.65,13.74,13.0,12.97,13.0,0.0,5.094739583,0.0,4.754344262295082,0.0,0.0
2026-05-25 16:12:00,12.42,fluorometer,8,3.6,0,0,87.21,9.64,13.66,12.99,13.08,12.99,0.0,5.093854167,0.0,4.751311475409836,0.0,0.0
2026-05-25 16:14:00,12.44,fluorometer,8,3.65,0,0,80.0,9.63,13.73,12.98,13.03,12.98,0.0,5.09296875,0.0,4.74827868852459,0.0,0.0
2026-05-25 16:16:00,12.44,fluorometer,8,3.83,0,0,101.78,9.62,13.48,12.98,13.1,12.98,0.0,5.092083333,0.0,4.745245901639344,0.0,0.0
2026-05-25 16:18:00,12.46,fluorometer,8,4.79,0,0,88.15,9.61,13.55,12.99,13.01,12.99,0.0,5.091197917,0.0,4.742213114754098,0.0477868852459018,0.0
2026-05-25 16:20:00,12.45,fluorometer,8,4.15,0,0,107.3,9.59,13.48,12.89,13.04,12.89,0.0,5.0903125,0.0,4.739180327868852,0.0,0.0
2026-05-25 16:22:00,12.46,fluorometer,8,4.24,0,0,109.51,9.57,13.47,12.96,13.02,12.96,0.0,5.089427083,0.0,4.736147540983606,0.0,0.0
2026-05-25 16:24:00,12.45,fluorometer,8,4.8,0,0,85.91,9.56,13.56,13.03,12.96,13.03,0.0,5.088541667,0.0,4.73311475409836,0.06688524590163958,0.0
2026-05-25 16:26:00,12.44,fluorometer,8,4.58,0,0,83.78,9.55,13.58,13.0,13.09,13.0,0.0,5.08765625,0.0,4.730081967213115,0.0,0.0
2026-05-25 16:28:00,12.45,fluorometer,8,4.0,0,0,84.74,9.54,13.46,12.98,13.06,12.98,0.0,5.086770833,0.0,4.727049180327869,0.0,0.0
2026-05-25 16:30:00,12.47,fluorometer,8,3.84,0,0,135.23,9.53,13.53,13.0,13.09,13.0,0.0,5.085885417,0.0,4.724016393442623,0.0,0.0
2026-05-25 16:32:00,12.44,fluorometer,8,4.26,0,0,91.84,9.51,13.51,13.04,12.99,13.04,0.0,5.085,0.0,4.720983606557377,0.0,0.0
2026-05-25 16:34:00,12.43,fluorometer,8,4.0,0,0,119.45,9.5,13.5,12.97,13.0,12.97,0.0,5.084114583,0.0,4.717950819672131,0.0,0.0
2026-05-25 16:36:00,12.47,fluorometer,8,4.56,0,0,83.42,9.48,13.71,13.03,13.03,13.03,0.0,5.083229167,0.0,4.714918032786885,0.0,0.0
2026-05-25 16:38:00,12.47,fluorometer,8,3.88,0,0,116.68,9.47,13.4,12.9,13.03,12.9,0.0,5.08234375,0.0,4.711885245901639,0.0,0.0
2026-05-25 16:40:00,12.44,fluorometer,8,3.87,0,0,111.54,9.46,13.66,12.98,12.97,12.98,0.0,5.081458333,0.0,4.708852459016393,0.0,0.0
2026-05-25 16:42:00,12.45,fluorometer,8,4.38,0,0,85.64,9.46,13.69,12.96,13.03,12.96,0.0,5.080572917,0.0,4.705819672131147,0.0,0.0
2026-05-25 16:44:00,12.46,fluorometer,8,3.8,0,0,82.74,9.45,13.55,13.04,13.02,13.04,0.0,5.0796875,0.0,4.702786885245901,0.0,0.0
2026-05-25 16:46:00,12.46,fluorometer,8,3.8,0,0,125.2,9.43,13.56,12.96,13.06,12.96,0.0,5.078802083,0.0,4.699754098360656,0.0,0.0
2026-05-25 16:48:00,12.45,fluorometer,8,3.92,0,0,83.02,9.42,13.47,13.0,13.11,13.0,0.0,5.077916667,0.0,4.69672131147541,0.0,0.0
2026-05-25 16:50:00,12.41,fluorometer,8,4.51,0,0,95.94,9.4,13.65,12.97,12.96,12.97,0.0,5.07703125,0.0,4.693688524590164,0.0,0.0
2026-05-25 16:52:00,12.44,fluorometer,8,4.45,0,0,91.1,9.39,13.61,12.93,13.14,12.93,0.0,5.076145833,0.0,4.690655737704918,0.0,0.0
2026-05-25 16:54:00,12.44,fluorometer,8,3.79,0,0,115.22,9.37,13.58,12.98,13.03,12.98,0.0,5.075260417,0.0,4.687622950819672,0.0,0.0
2026-05-25 16:56:00,12.44,fluorometer,8,4.2,0,0,82.22,9.36,13.62,12.94,13.03,12.94,0.0,5.074375,0.0,4.684590163934426,0.0,0.0
2026-05-25 16:58:00,12.47,fluorometer,8,4.4,0,0,92.01,9.34,13.66,13.01,13.04,13.01,0.0,5.073489583,0.0,4.68155737704918,0.0,0.0
2026-05-25 17:00:00,12.46,fluorometer,8,4.2,0,0,81.16,9.32,13.66,12.94,13.01,12.94,0.0,5.072604167,0.0,4.678524590163934,0.0,0.0
2026-05-25 17:02:00,12.47,fluorometer,8,3.81,0,0,83.4,9.31,13.55,12.96,13.06,12.96,0.0,5.07171875,0.0,4.675491803278688,0.0,0.0
2026-05-25 17:04:00,12.46,fluorometer,8,4.24,0,0,91.69,9.29,13.62,12.94,12.97,12.94,0.0,5.070833333,0.0,4.672459016393443,0.0,0.0
2026-05-25 17:06:00,12.46,fluorometer,8,4.38,0,0,105.22,9.27,13.6,12.99,13.08,12.99,0.0,5.069947917,0.0,4.669426229508197,0.0,0.0
2026-05-25 17:08:00,12.47,fluorometer,8,5.04,0,0,86.33,9.24,13.62,12.94,13.01,12.94,0.0,5.0690625,0.0,4.666393442622951,0.37360655737704906,0.0
2026-05-25 17:10:00,12.45,fluorometer,8,4.0,0,0,99.45,9.21,13.45,12.99,13.01,12.99,0.0,5.068177083,0.0,4.663360655737705,0.0,0.0
2026-05-25 17:12:00,12.47,fluorometer,8,4.01,0,0,110.27,9.18,13.72,13.03,13.03,13.03,0.0,5.067291667,0.0,4.660327868852459,0.0,0.0
2026-05-25 17:14:00,12.45,fluorometer,8,4.68,0,0,86.86,9.16,13.8,12.96,13.04,12.96,0.0,5.06640625,0.0,4.657295081967213,0.022704918032786736,0.0
2026-05-25 17:16:00,12.45,fluorometer,8,4.16,0,0,97.92,9.13,13.67,13.01,13.06,13.01,0.0,5.065520833,0.0,4.654262295081967,0.0,0.0
2026-05-25 17:18:00,12.46,fluorometer,8,4.84,0,0,138.98,9.1,13.67,12.93,13.02,12.93,0.0,5.064635417,0.0,4.651229508196721,0.18877049180327887,0.0
2026-05-25 17:20:00,12.45,fluorometer,8,4.32,0,0,86.35,9.08,13.73,12.97,13.06,12.97,0.0,5.06375,0.0,4.648196721311475,0.0,0.0
2026-05-25 17:22:00,12.45,fluorometer,8,4.24,0,0,105.93,9.05,13.71,13.0,13.03,13.0,0.0,5.062864583,0.0,4.645163934426229,0.0,0.0
2026-05-25 17:24:00,12.45,fluorometer,8,4.68,0,0,109.97,9.02,13.47,12.97,12.98,12.97,0.0,5.061979167,0.0,4.642131147540984,0.037868852459015834,0.0
2026-05-25 17:26:00,12.42,fluorometer,8,3.98,0,0,119.41,8.99,13.52,12.97,13.05,12.97,0.0,5.06109375,0.0,4.639098360655738,0.0,0.0
2026-05-25 17:28:00,12.45,fluorometer,8,4.31,0,0,103.37,8.97,13.13,13.02,13.08,13.02,0.0,5.060208333,0.0,4.636065573770492,0.0,0.0
2026-05-25 17:30:00,12.45,fluorometer,8,4.23,0,0,139.72,8.95,13.17,13.01,13.09,13.01,0.0,5.059322917,0.0,4.633032786885246,0.0,0.0
2026-05-25 17:32:00,12.42,fluorometer,8,4.69,0,0,123.68,8.93,13.4,12.98,13.02,12.98,0.0,5.0584375,0.0,4.63,0.0600000000000005,0.0
2026-05-25 17:34:00,12.46,fluorometer,8,4.51,0,0,136.95,8.9,12.98,12.98,12.95,12.98,0.0,5.057552083,0.0,4.63,0.0,0.0
2026-05-25 17:36:00,12.44,fluorometer,8,3.75,0,0,82.5,8.88,13.78,12.97,13.02,12.97,0.0,5.056666667,0.0,4.63,0.0,0.0
2026-05-25 17:38:00,12.4,fluorometer,8,3.04,0,0,93.31,8.86,15.27,12.97,13.08,12.97,0.0,5.05578125,0.0,4.63,0.0,0.0
2026-05-25 17:40:00,12.45,fluorometer,8,4.03,0,0,82.12,8.84,13.39,12.97,13.03,12.97,0.0,5.054895833,0.0,4.63,0.0,0.0
2026-05-25 17:42:00,12.44,fluorometer,8,4.39,0,0,85.17,8.82,13.07,12.99,12.99,12.99,0.0,5.054010417,0.0,4.63,0.0,0.0
2026-05-25 17:44:00,12.44,fluorometer,8,3.71,0,0,87.01,8.8,13.74,12.96,12.98,12.96,0.0,5.053125,0.0,4.63,0.0,0.0
2026-05-25 17:46:00,12.41,fluorometer,8,4.04,0,0,111.46,8.78,13.46,12.95,13.08,12.95,0.0,5.052239583,0.0,4.63,0.0,0.0
2026-05-25 17:48:00,12.45,fluorometer,8,4.17,0,0,85.34,8.77,13.26,12.9,13.01,12.9,0.0,5.051354167,0.0,4.63,0.0,0.0
2026-05-25 17:50:00,12.46,fluorometer,8,3.85,0,0,81.36,8.75,13.64,12.99,13.02,12.99,0.0,5.05046875,0.0,4.63,0.0,0.0
2026-05-25 17:52:00,12.41,fluorometer,8,3.97,0,0,83.8,8.74,13.43,12.94,13.07,12.94,0.0,5.049583333,0.0,4.63,0.0,0.0
2026-05-25 17:54:00,12.43,fluorometer,8,3.98,0,0,93.29,8.73,13.38,12.98,13.03,12.98,0.0,5.048697917,0.0,4.63,0.0,0.0
2026-05-25 17:56:00,12.44,fluorometer,8,4.63,0,0,81.62,8.71,13.36,12.96,13.08,12.96,0.0,5.0478125,0.0,4.63,0.0,0.0
2026-05-25 17:58:00,12.44,fluorometer,8,4.12,0,0,82.86,8.7,13.34,13.01,13.04,13.01,0.0,5.046927083,0.0,4.63,0.0,0.0
2026-05-25 18:00:00,12.43,fluorometer,8,3.8,0,0,82.51,8.68,13.55,12.94,12.96,12.94,0.0,5.046041667,0.0,4.63,0.0,0.0
2026-05-25 18:02:00,12.41,fluorometer,8,12.59,0,0,84.01,8.67,13.53,12.99,13.05,12.99,0.0,5.04515625,0.0,4.63,7.96,0.0
2026-05-25 18:04:00,12.44,fluorometer,8,3.71,0,0,86.32,8.66,13.65,13.03,13.07,13.03,0.0,5.044270833,0.0,4.63,0.0,0.0
2026-05-25 18:06:00,12.45,fluorometer,8,4.1,0,0,83.02,8.65,13.46,12.95,13.04,12.95,0.0,5.043385417,0.0,4.63,0.0,0.0
2026-05-25 18:08:00,12.45,fluorometer,8,4.29,0,0,85.48,8.64,13.48,13.08,13.02,13.08,0.0,5.0425,0.0,4.63,0.0,0.0
2026-05-25 18:10:00,12.45,fluorometer,8,4.6,0,0,126.83,8.63,13.57,13.0,13.06,13.0,0.0,5.041614583,0.0,4.63,0.0,0.0
2026-05-25 18:12:00,12.43,fluorometer,8,4.73,0,0,109.02,8.63,13.62,12.93,13.11,12.93,0.0,5.040729167,0.0,4.63,0.10000000000000053,0.0
2026-05-25 18:14:00,12.42,fluorometer,8,4.22,0,0,88.21,8.62,13.76,13.03,13.04,13.03,0.0,5.03984375,0.0,4.63,0.0,0.0
2026-05-25 18:16:00,12.43,fluorometer,8,4.54,0,0,89.67,8.61,13.53,12.94,13.03,12.94,0.0,5.038958333,0.0,4.63,0.0,0.0
2026-05-25 18:18:00,12.42,fluorometer,8,4.79,0,0,100.03,8.6,13.49,13.0,12.96,13.0,0.0,5.038072917,0.0,4.63,0.16000000000000014,0.0
2026-05-25 18:20:00,12.46,fluorometer,8,4.39,0,0,93.03,8.6,13.47,13.0,13.04,13.0,0.0,5.0371875,0.0,4.63,0.0,0.0
2026-05-25 18:22:00,12.44,fluorometer,8,5.02,0,0,95.23,8.59,13.47,13.04,13.08,13.04,0.0,5.036302083,0.0,4.63,0.3899999999999997,0.0
2026-05-25 18:24:00,12.45,fluorometer,8,4.89,0,0,85.91,8.58,13.58,13.02,13.06,13.02,0.0,5.035416667,0.0,4.63,0.2599999999999998,0.0
2026-05-25 18:26:00,12.44,fluorometer,8,4.1,0,0,88.02,8.57,13.56,12.99,13.04,12.99,0.0,5.03453125,0.0,4.63,0.0,0.0
2026-05-25 18:28:00,12.43,fluorometer,8,4.22,0,0,85.62,8.56,13.5,12.97,12.99,12.97,0.0,5.033645833,0.0,4.63,0.0,0.0
2026-05-25 18:30:00,12.45,fluorometer,8,4.01,0,0,85.83,8.55,13.6,12.98,13.07,12.98,0.0,5.032760417,0.0,4.63,0.0,0.0
2026-05-25 18:32:00,12.43,fluorometer,8,4.03,0,0,92.5,8.54,13.54,13.1,13.06,13.1,0.0,5.031875,0.0,4.63,0.0,0.0
2026-05-25 18:34:00,12.45,fluorometer,8,4.35,0,0,88.45,8.53,13.58,13.04,12.98,13.04,0.0,5.030989583,0.0,4.63,0.0,0.0
2026-05-25 18:36:00,12.46,fluorometer,8,3.93,0,0,91.17,8.51,13.57,12.96,13.04,12.96,0.0,5.030104167,0.0,4.63,0.0,0.0
2026-05-25 18:38:00,12.44,fluorometer,8,4.13,0,0,86.59,8.5,13.46,13.05,13.02,13.05,0.0,5.02921875,0.0,4.63,0.0,0.0
2026-05-25 18:40:00,12.46,fluorometer,8,4.58,0,0,89.85,8.49,13.35,13.01,13.0,13.01,0.0,5.028333333,0.0,4.63,0.0,0.0
2026-05-25 18:42:00,12.46,fluorometer,8,4.31,0,0,92.04,8.48,13.73,12.92,13.02,12.92,0.0,5.027447917,0.0,4.63,0.0,0.0
2026-05-25 18:44:00,12.42,fluorometer,8,4.28,0,0,89.23,8.47,13.5,13.01,13.03,13.01,0.0,5.0265625,0.0,4.63,0.0,0.0
2026-05-25 18:46:00,12.45,fluorometer,8,4.11,0,0,99.0,8.47,13.45,12.89,13.01,12.89,0.0,5.025677083,0.0,4.63,0.0,0.0
2026-05-25 18:48:00,12.44,fluorometer,8,4.56,0,0,93.14,8.46,13.59,13.02,13.07,13.02,0.0,5.024791667,0.0,4.63,0.0,0.0
2026-05-25 18:50:00,12.45,fluorometer,8,4.64,0,0,88.67,8.45,13.54,13.01,13.0,13.01,0.0,5.02390625,0.0,4.63,0.009999999999999787,0.0
2026-05-25 18:52:00,12.45,fluorometer,8,4.63,0,0,90.51,8.45,13.57,13.04,13.06,13.04,0.0,5.023020833,0.0,4.63,0.0,0.0
2026-05-25 18:54:00,12.41,fluorometer,8,4.82,0,0,95.8,8.44,13.5,13.03,13.01,13.03,0.0,5.022135417,0.0,4.63,0.1900000000000004,0.0
2026-05-25 18:56:00,12.43,fluorometer,8,4.64,0,0,93.43,8.43,13.54,12.99,13.02,12.99,0.0,5.02125,0.0,4.63,0.009999999999999787,0.0
2026-05-25 18:58:00,12.45,fluorometer,8,4.73,0,0,95.15,8.43,13.48,12.95,13.05,12.95,0.0,5.020364583,0.0,4.63,0.10000000000000053,0.0
2026-05-25 19:00:00,12.43,fluorometer,8,4.79,0,0,94.08,8.42,13.53,12.95,13.11,12.95,0.0,5.019479167,0.0,4.63,0.16000000000000014,0.0
2026-05-25 19:02:00,12.45,fluorometer,8,5.25,0,0,93.24,8.41,13.55,12.97,12.97,12.97,0.0,5.01859375,0.0,4.63,0.6200000000000001,0.0
2026-05-25 19:04:00,12.43,fluorometer,8,4.98,0,0,92.69,8.41,13.5,12.94,13.05,12.94,0.0,5.017708333,0.0,4.63,0.35000000000000053,0.0
2026-05-25 19:06:00,12.45,fluorometer,8,5.03,0,0,91.7,8.4,13.49,12.98,12.99,12.98,0.0,5.016822917,0.0,4.63,0.40000000000000036,0.0
2026-05-25 19:08:00,12.45,fluorometer,8,5.41,0,0,95.74,8.39,13.39,12.95,13.07,12.95,0.0,5.0159375,0.0,4.63,0.7800000000000002,0.0
2026-05-25 19:10:00,12.45,fluorometer,8,5.16,0,0,102.68,8.38,13.52,13.04,13.07,13.04,0.0,5.015052083,0.0,4.63,0.5300000000000002,0.0
2026-05-25 19:12:00,12.44,fluorometer,8,4.98,0,0,105.16,8.37,13.54,12.95,13.09,12.95,0.0,5.014166667,0.0,4.63,0.35000000000000053,0.0
2026-05-25 19:14:00,12.46,fluorometer,8,4.8,0,0,109.27,8.36,13.58,13.09,13.01,13.09,0.0,5.01328125,0.0,4.63,0.16999999999999993,0.0
2026-05-25 19:16:00,12.45,fluorometer,8,4.87,0,0,128.56,8.35,13.68,13.01,13.0,13.01,0.0,5.012395833,0.0,4.63,0.2400000000000002,0.0
2026-05-25 19:18:00,12.44,fluorometer,8,4.8,0,0,129.58,8.33,13.68,12.98,13.05,12.98,0.0,5.011510417,0.0,4.63,0.16999999999999993,0.0
2026-05-25 19:20:00,12.46,fluorometer,8,4.99,0,0,114.39,8.32,13.61,12.99,13.07,12.99,0.0,5.010625,0.0,4.63,0.3600000000000003,0.0
2026-05-25 19:22:00,12.44,fluorometer,8,5.05,0,0,120.56,8.31,13.5,12.93,13.07,12.93,0.0,5.009739583,0.0,4.63,0.41999999999999993,0.0
2026-05-25 19:24:00,12.45,fluorometer,8,5.12,0,0,122.32,8.3,13.57,13.0,12.97,13.0,0.0,5.008854167,0.0,4.63,0.4900000000000002,0.0
2026-05-25 19:26:00,12.46,fluorometer,8,5.33,0,0,124.6,8.29,13.45,13.06,13.03,13.06,0.0,5.00796875,0.0,4.63,0.7000000000000002,0.0
2026-05-25 19:28:00,12.44,fluorometer,8,5.3,0,0,127.89,8.28,13.53,13.01,13.04,13.01,0.0,5.007083333,0.0,4.63,0.6699999999999999,0.0
2026-05-25 19:30:00,12.45,fluorometer,8,5.39,0,0,131.16,8.26,13.41,12.97,13.04,12.97,0.0,5.006197917,0.0,4.63,0.7599999999999998,0.0
2026-05-25 19:32:00,12.45,fluorometer,8,5.05,0,0,137.92,8.25,13.65,13.01,13.07,13.01,0.0,5.0053125,0.0,4.63,0.41999999999999993,0.0
2026-05-25 19:34:00,12.41,fluorometer,8,5.28,0,0,141.64,8.24,13.53,13.01,13.03,13.01,0.0,5.004427083,0.0,4.63,0.6500000000000004,0.0
2026-05-25 19:36:00,12.46,fluorometer,8,5.14,0,0,147.52,8.23,13.44,13.01,13.06,13.01,0.0,5.003541667,0.0,4.63,0.5099999999999998,0.0
2026-05-25 19:38:00,12.45,fluorometer,8,4.96,0,0,146.22,8.21,13.66,13.01,13.06,13.01,0.0,5.00265625,0.0,4.63,0.33000000000000007,0.0
2026-05-25 19:40:00,12.44,fluorometer,8,5.12,0,0,150.03,8.2,13.45,12.95,13.0,12.95,0.0,5.001770833,0.0,4.63,0.4900000000000002,0.0
2026-05-25 19:42:00,12.45,fluorometer,8,5.1,0,0,159.03,8.19,13.5,12.97,13.03,12.97,0.0,5.000885417,0.0,4.63,0.46999999999999975,0.0
2026-05-25 19:44:00,12.45,fluorometer,8,5.01,0,0,162.96,8.18,13.59,12.93,13.04,12.93,0.0,5.0,0.0,4.63,0.3799999999999999,0.0
