time,a160,type,if,LA_mV,LB_mV,LC_mV,LT_mV,T,LA_base_mV,LB_base_mV,LC_base_mV,LT_base_mV,LA_mV_clean,LA_mV_clean_manual,LA_baseline_manual,LA_mV_background_corrected
2026-04-16 11:00:21,12.79,fluorometer,8.0,7.67,0.67,0.93,223.99,11.49,14.19,14.15,13.64,14.15,0.0,0.0,7.67,0.0
2026-04-16 11:02:21,12.72,fluorometer,8.0,7.66,0.44,0.78,87.5,7.91,14.11,13.9,13.72,13.9,0.0,0.0,7.67,0.0
2026-04-16 11:04:21,12.71,fluorometer,8.0,7.67,0.44,0.74,83.45,7.3,14.25,13.97,13.75,13.97,0.0,0.0,7.67,0.0
2026-04-16 11:06:21,12.7,fluorometer,8.0,7.72,0.42,0.75,79.14,7.11,13.97,13.91,13.72,13.91,0.0,0.0,7.67,0.0
2026-04-16 11:08:21,12.7,fluorometer,8.0,7.51,0.37,0.68,77.7,7.01,14.61,14.18,13.82,14.18,0.0,0.0,7.67,0.0
2026-04-16 11:10:21,12.7,fluorometer,8.0,21.32,0.44,0.9,83.09,6.9,14.26,14.03,13.75,14.03,0.0,13.65,7.67,13.65
2026-04-16 11:12:21,12.71,fluorometer,8.0,319.8,1.44,1.88,77.66,6.85,14.43,14.04,13.79,14.04,0.0,312.09789473684214,7.702105263157895,312.09789473684214
2026-04-16 11:14:21,12.69,fluorometer,8.0,2485.58,15.85,17.21,81.66,6.82,14.42,14.0,13.8,14.0,0.0,2477.8457894736844,7.734210526315789,2477.8457894736844
2026-04-16 11:16:21,12.69,fluorometer,8.0,823.73,3.08,3.44,84.45,6.8,14.15,13.93,13.76,13.93,0.0,815.9636842105264,7.766315789473684,815.9636842105264
2026-04-16 11:18:21,12.69,fluorometer,8.0,180.05,0.99,1.37,84.1,6.75,14.24,13.95,13.76,13.95,0.0,172.25157894736844,7.7984210526315785,172.25157894736844
2026-04-16 11:20:21,12.68,fluorometer,8.0,59.09,0.57,1.0,83.54,6.68,14.15,13.97,13.74,13.97,0.0,51.25947368421053,7.830526315789474,51.25947368421053
2026-04-16 11:22:21,12.68,fluorometer,8.0,22.67,0.44,0.86,84.91,6.65,14.18,13.96,13.74,13.96,0.0,14.807368421052633,7.862631578947368,14.807368421052633
2026-04-16 11:24:21,12.67,fluorometer,8.0,14.99,0.42,0.8,84.63,6.64,14.18,13.95,13.74,13.95,0.0,7.095263157894737,7.894736842105263,7.095263157894737
2026-04-16 11:26:21,12.67,fluorometer,8.0,13.15,0.4,0.8,81.76,6.63,14.17,13.97,13.73,13.97,0.0,5.223157894736842,7.926842105263158,5.223157894736842
2026-04-16 11:28:21,12.67,fluorometer,8.0,12.29,0.41,0.77,81.73,6.62,14.18,13.97,13.74,13.97,0.0,4.331052631578947,7.958947368421052,4.331052631578947
2026-04-16 11:30:21,12.67,fluorometer,8.0,11.98,0.41,0.77,82.9,6.62,14.17,13.96,13.74,13.96,0.0,3.9889473684210532,7.991052631578947,3.9889473684210532
2026-04-16 11:32:21,12.67,fluorometer,8.0,11.8,0.39,0.76,92.33,6.63,14.17,13.98,13.74,13.98,0.0,3.7768421052631584,8.023157894736842,3.7768421052631584
2026-04-16 11:34:21,12.67,fluorometer,8.0,11.63,0.41,0.74,92.32,6.66,14.18,13.96,13.75,13.96,0.0,3.574736842105265,8.055263157894736,3.574736842105265
2026-04-16 11:36:21,12.68,fluorometer,8.0,11.3,0.4,0.72,92.36,6.71,14.18,13.96,13.75,13.96,0.0,3.21263157894737,8.08736842105263,3.21263157894737
2026-04-16 11:38:21,12.66,fluorometer,8.0,11.05,0.41,0.71,88.41,6.76,14.17,13.95,13.76,13.95,0.0,2.930526315789475,8.119473684210526,2.930526315789475
2026-04-16 11:40:21,12.66,fluorometer,8.0,10.86,0.39,0.74,86.12,6.81,14.1,13.91,13.73,13.91,0.0,2.7084210526315786,8.15157894736842,2.7084210526315786
2026-04-16 11:42:21,12.66,fluorometer,8.0,10.66,0.39,0.74,82.84,6.84,14.13,13.93,13.72,13.93,0.0,2.4763157894736842,8.183684210526316,2.4763157894736842
2026-04-16 11:44:21,12.66,fluorometer,8.0,10.31,0.38,0.7,83.66,6.85,14.17,13.94,13.74,13.94,0.0,2.0942105263157913,8.21578947368421,2.0942105263157913
2026-04-16 11:46:21,12.66,fluorometer,8.0,10.13,0.37,0.72,81.88,6.9,14.12,13.93,13.74,13.93,0.0,1.8821052631578965,8.247894736842104,1.8821052631578965
2026-04-16 11:48:21,12.66,fluorometer,8.0,9.89,0.37,0.67,87.31,6.96,14.14,13.94,13.75,13.94,0.0,1.6100000000000012,8.28,1.6100000000000012
2026-04-16 11:50:21,12.65,fluorometer,8.0,9.74,0.37,0.67,82.72,7.0,14.14,13.94,13.74,13.94,0.0,1.4600000000000009,8.28,1.4600000000000009
2026-04-16 11:52:21,12.65,fluorometer,8.0,9.59,0.38,0.66,91.4,7.02,14.16,13.94,13.75,13.94,0.0,1.3100000000000005,8.28,1.3100000000000005
2026-04-16 11:54:21,12.66,fluorometer,8.0,9.43,0.4,0.63,88.5,7.02,14.22,13.95,13.75,13.95,0.0,1.1500000000000004,8.28,1.1500000000000004
2026-04-16 11:56:21,12.65,fluorometer,8.0,9.37,0.37,0.62,92.75,7.02,14.25,13.98,13.76,13.98,0.0,1.0899999999999999,8.28,1.0899999999999999
2026-04-16 11:58:21,12.66,fluorometer,8.0,9.25,0.36,0.64,98.21,7.03,14.25,14.0,13.75,14.0,0.0,0.9700000000000006,8.28,0.9700000000000006
2026-04-16 12:00:21,12.65,fluorometer,8.0,9.14,0.39,0.6,91.6,7.04,14.31,14.03,13.79,14.03,0.0,0.8600000000000012,8.28,0.8600000000000012
2026-04-16 12:02:21,12.66,fluorometer,8.0,9.01,0.37,0.61,95.4,7.06,14.36,14.03,13.77,14.03,0.0,0.7300000000000004,8.28,0.7300000000000004
2026-04-16 12:04:21,12.66,fluorometer,8.0,8.99,0.37,0.61,89.25,7.07,14.31,14.01,13.76,14.01,0.0,0.7100000000000009,8.28,0.7100000000000009
2026-04-16 12:06:21,12.66,fluorometer,8.0,8.86,0.35,0.59,85.98,7.09,14.29,14.0,13.76,14.0,0.0,0.5800000000000001,8.28,0.5800000000000001
2026-04-16 12:08:21,12.66,fluorometer,8.0,8.72,0.36,0.58,88.64,7.1,14.26,13.97,13.75,13.97,0.0,0.4400000000000013,8.28,0.4400000000000013
2026-04-16 12:10:21,12.64,fluorometer,8.0,8.7,0.33,0.56,86.59,7.11,14.29,14.03,13.76,14.03,0.0,0.41999999999999993,8.28,0.41999999999999993
2026-04-16 12:12:21,12.65,fluorometer,8.0,8.75,0.37,0.56,91.69,7.1,14.26,13.99,13.74,13.99,0.0,0.47000000000000064,8.28,0.47000000000000064
2026-04-16 12:14:21,12.65,fluorometer,8.0,8.71,0.34,0.53,98.39,7.12,14.23,14.01,13.77,14.01,0.0,0.4300000000000015,8.28,0.4300000000000015
2026-04-16 12:16:21,12.64,fluorometer,8.0,8.57,0.36,0.54,102.11,7.17,14.36,14.02,13.75,14.02,0.0,0.2900000000000009,8.28,0.2900000000000009
2026-04-16 12:18:21,12.66,fluorometer,8.0,8.54,0.37,0.54,100.05,7.22,14.61,14.15,13.79,14.15,0.0,0.0,8.28,0.2599999999999998
2026-04-16 12:20:21,12.65,fluorometer,8.0,8.54,0.36,0.52,96.78,7.27,14.63,14.15,13.81,14.15,0.0,0.0,8.28,0.2599999999999998
2026-04-16 12:22:21,12.65,fluorometer,8.0,8.59,0.33,0.53,98.45,7.31,14.88,14.27,13.83,14.27,0.0,0.0,8.28,0.3100000000000005
2026-04-16 12:24:21,12.64,fluorometer,8.0,8.45,0.36,0.51,91.72,7.35,14.38,14.04,13.77,14.04,0.0,0.0,8.28,0.16999999999999993
2026-04-16 12:26:21,12.65,fluorometer,8.0,8.42,0.33,0.51,97.63,7.38,14.26,13.99,13.76,13.99,0.0,0.0,8.28,0.14000000000000057
2026-04-16 12:28:21,12.64,fluorometer,8.0,8.4,0.35,0.47,92.79,7.41,14.36,14.0,13.78,14.0,0.0,0.0,8.28,0.120000000000001
2026-04-16 12:30:21,12.65,fluorometer,8.0,8.37,0.33,0.46,89.53,7.45,14.2,13.97,13.75,13.97,0.0,0.0,8.28,0.08999999999999986
2026-04-16 12:32:21,12.64,fluorometer,8.0,8.28,0.32,0.48,92.09,7.49,14.24,13.98,13.74,13.98,0.0,0.0,8.28,0.0
2026-04-16 12:34:21,12.64,fluorometer,8.0,8.29,0.33,0.46,93.83,7.52,14.25,13.98,13.74,13.98,0.0,0.0,8.28,0.009999999999999787
2026-04-16 12:36:21,12.64,fluorometer,8.0,8.29,0.31,0.45,93.92,7.56,14.31,14.02,13.75,14.02,0.0,0.0,8.28,0.009999999999999787
2026-04-16 12:38:21,12.64,fluorometer,8.0,8.36,0.3,0.44,94.81,7.6,14.37,14.05,13.76,14.05,0.0,0.0,8.28,0.08000000000000007
2026-04-16 12:40:21,12.64,fluorometer,8.0,8.31,0.32,0.43,97.83,7.64,14.42,14.03,13.77,14.03,0.0,0.0,8.28,0.030000000000001137
2026-04-16 12:42:21,12.64,fluorometer,8.0,8.3,0.31,0.4,94.1,7.67,14.37,14.03,13.77,14.03,0.0,0.0,8.28,0.02000000000000135
2026-04-16 12:44:21,12.65,fluorometer,8.0,8.26,0.31,0.38,99.83,7.7,14.34,14.04,13.77,14.04,0.0,0.0,8.28,0.0
2026-04-16 12:46:21,12.64,fluorometer,8.0,8.23,0.35,0.34,101.09,7.73,14.35,14.01,13.77,14.01,0.0,0.0,8.28,0.0
2026-04-16 12:48:21,12.64,fluorometer,8.0,8.28,0.32,0.38,97.07,7.76,14.36,14.01,13.76,14.01,0.0,0.0,8.28,0.0
2026-04-16 12:50:21,12.64,fluorometer,8.0,8.25,0.32,0.35,99.21,7.79,14.27,13.98,13.75,13.98,0.0,0.0,8.28,0.0
2026-04-16 12:52:21,12.64,fluorometer,8.0,8.33,0.32,0.36,99.53,7.82,14.39,14.03,13.76,14.03,0.0,0.0,8.28,0.05000000000000071
2026-04-16 12:54:21,12.64,fluorometer,8.0,8.28,0.33,0.35,107.41,7.84,14.32,14.01,13.75,14.01,0.0,0.0,8.28,0.0
2026-04-16 12:56:21,12.63,fluorometer,8.0,8.48,0.3,0.32,108.1,7.87,14.17,14.0,13.75,14.0,0.0,0.0,8.28,0.20000000000000107
2026-04-16 12:58:21,12.64,fluorometer,8.0,8.19,0.32,0.31,103.17,7.89,14.29,13.98,13.74,13.98,0.0,0.0,8.28,0.0
2026-04-16 13:00:21,12.64,fluorometer,8.0,8.17,0.29,0.29,104.7,7.91,14.25,14.0,13.76,14.0,0.0,0.0,8.28,0.0
2026-04-16 13:02:21,12.64,fluorometer,8.0,8.29,0.3,0.29,102.87,7.93,14.26,13.98,13.74,13.98,0.0,0.0,8.28,0.009999999999999787
2026-04-16 13:04:21,12.64,fluorometer,8.0,8.34,0.31,0.28,102.33,7.95,14.24,13.98,13.75,13.98,0.0,0.0,8.28,0.0600000000000005
2026-04-16 13:06:21,12.63,fluorometer,8.0,8.28,0.29,0.26,112.3,7.97,14.36,14.03,13.77,14.03,0.0,0.0,8.28,0.0
2026-04-16 13:08:21,12.63,fluorometer,8.0,8.16,0.29,0.24,109.34,7.98,14.34,14.01,13.76,14.01,0.0,0.0,8.28,0.0
2026-04-16 13:10:21,12.64,fluorometer,8.0,8.19,0.27,0.24,117.58,7.98,14.43,14.07,13.77,14.07,0.0,0.0,8.28,0.0
2026-04-16 13:12:21,12.63,fluorometer,8.0,8.44,0.29,0.27,127.77,7.97,14.7,14.17,13.79,14.17,0.1559999999999988,0.0,8.28,0.16000000000000014
2026-04-16 13:14:21,12.65,fluorometer,8.0,8.4,0.26,0.22,146.65,7.95,14.71,14.19,13.81,14.19,0.1159999999999996,0.0,8.28,0.120000000000001
2026-04-16 13:16:21,12.64,fluorometer,8.0,8.57,0.24,0.2,142.3,7.93,14.69,14.2,13.8,14.2,0.2859999999999996,0.0,8.28,0.2900000000000009
2026-04-16 13:18:21,12.64,fluorometer,8.0,8.47,0.27,0.19,146.18,7.9,14.57,14.11,13.78,14.11,0.1859999999999999,0.0,8.28,0.19000000000000128
2026-04-16 13:20:21,12.63,fluorometer,8.0,8.56,0.28,0.17,143.83,7.87,14.5,14.09,13.77,14.09,0.2759999999999998,0.0,8.28,0.28000000000000114
2026-04-16 13:22:21,12.63,fluorometer,8.0,8.58,0.26,0.18,143.72,7.82,14.86,14.25,13.8,14.25,0.2959999999999994,0.0,8.28,0.3000000000000007
2026-04-16 13:24:21,12.64,fluorometer,8.0,8.5,0.25,0.15,132.98,7.78,14.89,14.29,13.83,14.29,0.2159999999999993,0.0,8.28,0.22000000000000064
2026-04-16 13:26:21,12.64,fluorometer,8.0,8.42,0.26,0.17,127.8,7.75,14.5,14.09,13.76,14.09,0.1359999999999992,0.0,8.28,0.14000000000000057
2026-04-16 13:28:21,12.64,fluorometer,8.0,8.4,0.25,0.16,141.98,7.73,14.64,14.14,13.78,14.14,0.1159999999999996,0.0,8.28,0.120000000000001
2026-04-16 13:30:21,12.63,fluorometer,8.0,8.34,0.25,0.16,126.45,7.71,14.44,14.06,13.75,14.06,0.0559999999999991,0.0,8.28,0.0600000000000005
2026-04-16 13:32:21,12.63,fluorometer,8.0,8.47,0.25,0.12,132.69,7.7,14.36,14.06,13.75,14.06,0.1859999999999999,0.0,8.28,0.19000000000000128
2026-04-16 13:34:21,12.63,fluorometer,8.0,8.33,0.24,0.11,120.47,7.68,14.47,14.04,13.77,14.04,0.0459999999999993,0.0,8.28,0.05000000000000071
2026-04-16 13:36:21,12.64,fluorometer,8.0,8.35,0.23,0.13,114.62,7.65,14.44,14.08,13.73,14.08,0.0659999999999989,0.0,8.28,0.07000000000000028
2026-04-16 13:38:21,12.63,fluorometer,8.0,8.33,0.24,0.11,126.22,7.63,14.72,14.14,13.78,14.14,0.0459999999999993,0.0,8.28,0.05000000000000071
2026-04-16 13:40:21,12.63,fluorometer,8.0,8.35,0.22,0.08,126.38,7.62,15.49,14.44,13.87,14.44,0.0659999999999989,0.0,8.28,0.07000000000000028
2026-04-16 13:42:21,12.63,fluorometer,8.0,8.26,0.25,0.08,125.44,7.63,16.3,14.63,13.92,14.63,0.0,0.0,8.28,0.0
2026-04-16 13:44:21,12.64,fluorometer,8.0,8.19,0.18,0.08,123.19,7.64,15.58,14.42,13.86,14.42,0.0,0.0,8.28,0.0
2026-04-16 13:46:21,12.64,fluorometer,8.0,8.34,0.22,0.05,137.96,7.66,14.78,14.19,13.78,14.19,0.0559999999999991,0.0,8.28,0.0600000000000005
2026-04-16 13:48:21,12.63,fluorometer,8.0,8.5,0.21,0.06,176.78,7.68,15.18,14.27,13.8,14.27,0.2159999999999993,0.0,8.28,0.22000000000000064
2026-04-16 13:50:21,12.63,fluorometer,8.0,8.72,0.2,0.05,182.84,7.7,14.95,14.2,13.77,14.2,0.4359999999999999,0.0,8.28,0.4400000000000013
2026-04-16 13:52:21,12.63,fluorometer,8.0,8.33,0.18,0.01,169.06,7.71,14.62,14.13,13.76,14.13,0.0459999999999993,0.0,8.28,0.05000000000000071
2026-04-16 13:54:21,12.64,fluorometer,8.0,8.26,0.19,0.01,149.11,7.72,14.76,14.17,13.77,14.17,0.0,0.0,8.28,0.0
2026-04-16 13:56:21,12.63,fluorometer,8.0,8.18,0.19,0.0,141.74,7.71,14.65,14.09,13.76,14.09,0.0,0.0,8.28,0.0
2026-04-16 13:58:21,12.64,fluorometer,8.0,8.13,0.21,0.0,134.35,7.7,14.53,14.05,13.76,14.05,0.0,0.0,8.28,0.0
2026-04-16 14:00:21,12.64,fluorometer,8.0,8.19,0.21,0.0,124.1,7.68,14.54,14.06,13.74,14.06,0.0,0.0,8.28,0.0
2026-04-16 14:02:21,12.64,fluorometer,8.0,7.94,0.17,0.0,118.84,7.67,14.57,14.07,13.77,14.07,0.0,0.0,8.28,0.0
2026-04-16 14:04:21,12.64,fluorometer,8.0,7.95,0.17,0.0,129.63,7.66,14.47,14.03,13.74,14.03,0.0,0.0,8.28,0.0
2026-04-16 14:06:21,12.63,fluorometer,8.0,7.98,0.17,0.0,119.41,7.64,14.41,14.02,13.73,14.02,0.0,0.0,8.28,0.0
2026-04-16 14:08:21,12.63,fluorometer,8.0,8.16,0.14,0.0,116.75,7.62,14.45,14.03,13.75,14.03,0.0,0.0,8.28,0.0
2026-04-16 14:10:21,12.64,fluorometer,8.0,8.01,0.15,0.0,112.68,7.59,14.45,14.03,13.75,14.03,0.0,0.0,8.28,0.0
2026-04-16 14:12:21,12.64,fluorometer,8.0,8.03,0.17,0.0,114.19,7.56,14.44,14.0,13.72,14.0,0.0,0.0,8.28,0.0
2026-04-16 14:14:21,12.63,fluorometer,8.0,8.05,0.12,0.0,125.43,7.5,14.51,14.04,13.73,14.04,0.0,0.0,8.28,0.0
2026-04-16 14:16:21,12.64,fluorometer,8.0,7.93,0.17,0.0,116.63,7.45,14.46,14.01,13.73,14.01,0.0,0.0,8.28,0.0
2026-04-16 14:18:21,12.64,fluorometer,8.0,7.95,0.14,0.0,115.52,7.41,14.44,14.02,13.72,14.02,0.0,0.0,8.28,0.0
2026-04-16 14:20:21,12.64,fluorometer,8.0,8.1,0.17,0.0,110.77,7.39,14.41,13.95,13.71,13.95,0.0,0.0,8.28,0.0
2026-04-16 14:22:21,12.63,fluorometer,8.0,8.18,0.14,0.0,108.81,7.39,14.34,13.96,13.72,13.96,0.0,0.0,8.28,0.0
2026-04-16 14:24:21,12.64,fluorometer,8.0,7.97,0.13,0.0,124.12,7.39,14.33,13.97,13.73,13.97,0.0,0.0,8.28,0.0
2026-04-16 14:26:21,12.64,fluorometer,8.0,8.06,0.14,0.0,107.53,7.39,14.34,13.96,13.72,13.96,0.0,0.0,8.28,0.0
2026-04-16 14:28:21,12.64,fluorometer,8.0,8.11,0.1,0.0,107.18,7.38,14.36,13.98,13.72,13.98,0.0,0.0,8.28,0.0
2026-04-16 14:30:21,12.64,fluorometer,8.0,8.03,0.09,0.0,98.77,7.38,14.35,13.98,13.74,13.98,0.0,0.0,8.28,0.0
2026-04-16 14:32:21,12.64,fluorometer,8.0,7.96,0.11,0.0,105.22,7.39,14.38,13.96,13.75,13.96,0.0,0.0,8.28,0.0
2026-04-16 14:34:21,12.62,fluorometer,8.0,8.24,0.13,0.0,94.03,7.4,14.39,13.96,13.72,13.96,0.0,0.0,8.28,0.0
2026-04-16 14:36:21,12.64,fluorometer,8.0,8.04,0.12,0.0,93.36,7.39,14.36,13.95,13.73,13.95,0.0,0.0,8.28,0.0
2026-04-16 14:38:21,12.64,fluorometer,8.0,7.95,0.12,0.0,96.31,7.37,14.39,13.95,13.71,13.95,0.0,0.0,8.28,0.0
2026-04-16 14:40:21,12.64,fluorometer,8.0,8.07,0.12,0.0,92.5,7.35,14.36,13.95,13.72,13.95,0.0,0.0,8.28,0.0
2026-04-16 14:42:21,12.65,fluorometer,8.0,8.15,0.12,0.0,95.86,7.34,14.35,13.92,13.71,13.92,0.0,0.0,8.28,0.0
2026-04-16 14:44:21,12.64,fluorometer,8.0,7.91,0.11,0.0,89.92,7.32,14.33,13.92,13.72,13.92,0.0,0.0,8.28,0.0
2026-04-16 14:46:21,12.64,fluorometer,8.0,7.89,0.11,0.0,91.45,7.29,14.37,13.93,13.72,13.93,0.0,0.0,8.28,0.0
2026-04-16 14:48:21,12.64,fluorometer,8.0,7.97,0.1,0.0,93.06,7.26,14.33,13.95,13.71,13.95,0.0,0.0,8.28,0.0
2026-04-16 14:50:21,12.64,fluorometer,8.0,7.97,0.1,0.0,82.74,7.23,14.34,13.92,13.7,13.92,0.0,0.0,8.28,0.0
2026-04-16 14:52:21,12.64,fluorometer,8.0,8.03,0.06,0.0,89.93,7.2,14.31,13.93,13.72,13.93,0.0,0.0,8.28,0.0
2026-04-16 14:54:21,12.64,fluorometer,8.0,8.23,0.09,0.0,100.77,7.18,14.23,13.89,13.7,13.89,0.0,0.0,8.28,0.0
2026-04-16 14:56:21,12.64,fluorometer,8.0,8.28,0.1,0.0,112.8,7.16,14.18,13.88,13.7,13.88,0.0,0.0,8.28,0.0
2026-04-16 14:58:21,12.64,fluorometer,8.0,8.11,0.09,0.0,94.25,7.15,14.33,13.91,13.7,13.91,0.0,0.0,8.28,0.0
2026-04-16 15:00:21,12.62,fluorometer,8.0,7.95,0.08,0.0,85.56,7.16,14.68,13.98,13.72,13.98,0.0,0.0,8.28,0.0
2026-04-16 15:02:21,12.63,fluorometer,8.0,8.01,0.09,0.0,85.56,7.18,14.49,13.92,13.69,13.92,0.0,0.0,8.28,0.0
2026-04-16 15:04:21,12.64,fluorometer,8.0,7.87,0.08,0.0,85.23,7.19,14.49,13.94,13.73,13.94,0.0,0.0,8.28,0.0
2026-04-16 15:06:21,12.64,fluorometer,8.0,8.04,0.1,0.0,77.84,7.19,14.4,13.91,13.7,13.91,0.0,0.0,8.28,0.0
2026-04-16 15:08:21,12.64,fluorometer,8.0,7.81,0.06,0.0,74.3,7.18,14.35,13.92,13.68,13.92,0.0,0.0,8.28,0.0
2026-04-16 15:10:21,12.63,fluorometer,8.0,7.86,0.08,0.0,73.9,7.15,14.38,13.91,13.7,13.91,0.0,0.0,8.28,0.0
2026-04-16 15:12:21,12.64,fluorometer,8.0,8.09,0.08,0.0,73.26,7.13,14.57,13.95,13.71,13.95,0.0,0.0,8.28,0.0
2026-04-16 15:14:21,12.64,fluorometer,8.0,8.02,0.06,0.0,78.33,7.12,14.42,13.91,13.71,13.91,0.0,0.0,8.28,0.0
2026-04-16 15:16:21,12.63,fluorometer,8.0,8.18,0.07,0.0,73.56,7.12,14.35,13.9,13.71,13.9,0.0,0.0,8.28,0.0
2026-04-16 15:18:21,12.64,fluorometer,8.0,11.33,0.46,0.4,109.19,7.13,17.67,16.65,14.35,16.65,3.046,0.0,8.28,3.0500000000000007
